﻿Tous les articles (sauf vulgarisation)
Auteurs;Année;Année de soutenance;Titre;Titre journal;Année;Volume;Issue;Editeur scientifique;Titre ouvrage;Titre du volume;Editeur revue;Volume, Issue, Pages;ISBN;Titre conférence;Commentaire;Date congrès;Ville;Pays;Patent n°;Date de publication;Type de rapport;N°;Organisme de délivrance;Pages;Date de publication;Directeur de thèse;Université de soutenance;Année de soutenance;Organisme de délivrance;DOI;NNT;Pubmed;Référence;ArXiv;Description;Voir aussi;Réf. HAL;Rang HCERES;Rang CNRS
Abeysekera C., Joalland B., Ariyasingha N., Zack L. N., Sims I. R., Field R. W., Suits A. G.;2015;;Product Branching in the Low Temperature Reaction of CN with Propyne by Chirped-Pulse Microwave Spectroscopy in a Uniform Supersonic Flow;The journal of physical chemistry letters;;6;;;;;;1599-1604;;;;;;;;;;;;;;;;;;10.1021/acs.jpclett.5b00519;;;;;;;;;
Angappan M. P., El Dib G., Lakshmipathi S., Sleiman C., Tomas A., Canosa A., Chakir A.;2015;;An Experimental and Theoretical Study of the Kinetics of the Reaction between 3-Hydroxy-3-Methyl-2-Butanone and OH radicals;RSC Advances;;5;;;;;;26559-26568;;;;;;;;;;;;;;;;;;10.1039/C4RA15664A;;;;;;;;;
Benidar A., Bégué D., Richter F., Pouchan C., Lahcini M., Guillemin J.-C.;2015;;Gas-phase infrared spectra of three compounds of astrochemical interest: vinyl, allenyl, and propargyl isocyanides.;ChemPhysChem;;16;4;;;;;848-54;;;;;;;;;;;;;;;;;;10.1002/cphc.201402712;;25557420;;;;;;;
Casanellas J., Brandão I., Lebreton Y.;2015;;Stellar convective cores as dark matter probes;Physical Review D;;91;10;;;;;103535;;;;;;;;;;;;;;;;;;10.1103/PhysRevD.91.103535;;;;;;;;;
Goubet M., Soulard P., Pirali O., Asselin P., Réal F., Gruet S., Huet T. R., Roy P., Georges R.;2015;;Standard free energy of the equilibrium between the trans-monomer and the cyclic-dimer of acetic acid in the gas phase from infrared spectroscopy;Physical Chemistry Chemical Physics;;17;;;;;;7477-7488;;;;;;;;;;;;;;;;;;10.1039/c4cp05684a;;;;;;;;;
Jiménez E., Ballesteros B., Canosa A., Albaladejo J., Townsend T. M., Maigler F. J., Napal V., Rowe B. R.;2015;;Development of a pulsed uniform supersonic gas expansion system based on an aerodynamic chopper for gas phase reaction kinetic studies at ultra-low temperatures;Review of Scientific Instruments;;86;4;;;;;045108;;;;;;;;;;;;;;;;;;10.1063/1.4918529;;;;;;;;;
Lara M., Jambrina P. G., Launay J.-M., Aoiz F. J.;2015;;Beyond universality: Parametrizing ultracold complex-mediated reactions using statistical assumptions;Physical Review A;;91;3;;;;;030701-1.5 (R);;;;;;;;;;;;;;;;;;10.1103/PhysRevA.91.030701;;;;;;;;;
Lockyear J. F., Fournier M., Sims I. R., Guillemin J.-C., Taatjes C. A., Osborn D. L., Leone S. R.;2015;;Formation of fulvene in the reaction of C2H with 1,3-butadiene;International Journal of Mass Spectrometry;;378;;;;;;232-245;;;;;;;;;;;;;;;;;;10.1016/j.ijms.2014.08.025;;;;;;;;;
Messaadia L., El Dib G., Roth E., Ferhati A., Chakir A.;2015;;UV-visible Spectra and Gas-Phase Rate Coefficients for the Reaction of 2,3 pentanedione and 2,4-pentanedione with OH Radicals;Chemical Physics Letters;;;;;;;;dx.doi.org/doi:10.1016/j.cplett.2015.02.032;;;;;;;;;;;;;;;;;;10.1016/j.cplett.2015.02.032;;;;;;;;;
Simoni A., Srinivasan S., Launay J.-M., Jachymski K., Idziaszek Z., Julienne P. S.;2015;;Polar molecule reactive collisions in quasi-1D systems;New Journal of Physics;;17;;;;;;013020.1-15;;;;;;;;;;;;;;;;;;10.1088/1367-2630/17/1/013020;;;;;;;;;
Wakelam V., Loison J.-C., Herbst E., Pavone B., Bergeat A., Béroff K., Chabot M., Faure A., Galli D., Geppert W. D., Gerlich D., Gratier P., Harada N., Hickson K. M., Honvault P., Klippenstein S. J., Le Picard S. D., Nyman G., Ruaud M., Schlemmer S., Sims I. R., Talbi D., Tennyson J., Wester R.;2015;;The 2014 KIDA network for interstellar chemistry;Astrophysical Journal Supplement;;217;2;;;;;id. 20;;;;;;;;;;;;;;;;;;10.1088/0067-0049/217/2/20;;;;1503.01594;;;;;
Wcislo P., Thibault F., Cybulski H., Ciurylo R.;2015;;Strong competition between velocity-changing and phase-/state-changing collisions in H2 spectra perturbed by Ar;Physical Review A;;91;5;;;;;052505;;;;;;;;;;;;;;;;;;10.1103/PhysRevA.91.052505;;;;;;;;;

Tous les articles (sauf vulgarisation)
Auteurs;Année;Année de soutenance;Titre;Titre journal;Année;Volume;Issue;Editeur scientifique;Titre ouvrage;Titre du volume;Editeur revue;Volume, Issue, Pages;ISBN;Titre conférence;Commentaire;Date congrès;Ville;Pays;Patent n°;Date de publication;Type de rapport;N°;Organisme de délivrance;Pages;Date de publication;Directeur de thèse;Université de soutenance;Année de soutenance;Organisme de délivrance;DOI;NNT;Pubmed;Référence;ArXiv;Description;Voir aussi;Réf. HAL;Rang HCERES;Rang CNRS
Abeysekera C., Joalland B., Ariyasingha N., Zack L. N., Sims I. R., Field R. W., Suits A. G.;2015;;Product Branching in the Low Temperature Reaction of CN with Propyne by Chirped-Pulse Microwave Spectroscopy in a Uniform Supersonic Flow;The journal of physical chemistry letters;;6;;;;;;1599-1604;;;;;;;;;;;;;;;;;;10.1021/acs.jpclett.5b00519;;;;;;;;;
Angappan M. P., El Dib G., Lakshmipathi S., Sleiman C., Tomas A., Canosa A., Chakir A.;2015;;An Experimental and Theoretical Study of the Kinetics of the Reaction between 3-Hydroxy-3-Methyl-2-Butanone and OH radicals;RSC Advances;;5;;;;;;26559-26568;;;;;;;;;;;;;;;;;;10.1039/C4RA15664A;;;;;;;;;
Benidar A., Bégué D., Richter F., Pouchan C., Lahcini M., Guillemin J.-C.;2015;;Gas-phase infrared spectra of three compounds of astrochemical interest: vinyl, allenyl, and propargyl isocyanides.;ChemPhysChem;;16;4;;;;;848-54;;;;;;;;;;;;;;;;;;10.1002/cphc.201402712;;25557420;;;;;;;
Casanellas J., Brandão I., Lebreton Y.;2015;;Stellar convective cores as dark matter probes;Physical Review D;;91;10;;;;;103535;;;;;;;;;;;;;;;;;;10.1103/PhysRevD.91.103535;;;;;;;;;
Goubet M., Soulard P., Pirali O., Asselin P., Réal F., Gruet S., Huet T. R., Roy P., Georges R.;2015;;Standard free energy of the equilibrium between the trans-monomer and the cyclic-dimer of acetic acid in the gas phase from infrared spectroscopy;Physical Chemistry Chemical Physics;;17;;;;;;7477-7488;;;;;;;;;;;;;;;;;;10.1039/c4cp05684a;;;;;;;;;
Jiménez E., Ballesteros B., Canosa A., Albaladejo J., Townsend T. M., Maigler F. J., Napal V., Rowe B. R.;2015;;Development of a pulsed uniform supersonic gas expansion system based on an aerodynamic chopper for gas phase reaction kinetic studies at ultra-low temperatures;Review of Scientific Instruments;;86;4;;;;;045108;;;;;;;;;;;;;;;;;;10.1063/1.4918529;;;;;;;;;
Lara M., Jambrina P. G., Launay J.-M., Aoiz F. J.;2015;;Beyond universality: Parametrizing ultracold complex-mediated reactions using statistical assumptions;Physical Review A;;91;3;;;;;030701-1.5 (R);;;;;;;;;;;;;;;;;;10.1103/PhysRevA.91.030701;;;;;;;;;
Lockyear J. F., Fournier M., Sims I. R., Guillemin J.-C., Taatjes C. A., Osborn D. L., Leone S. R.;2015;;Formation of fulvene in the reaction of C2H with 1,3-butadiene;International Journal of Mass Spectrometry;;378;;;;;;232-245;;;;;;;;;;;;;;;;;;10.1016/j.ijms.2014.08.025;;;;;;;;;
Messaadia L., El Dib G., Roth E., Ferhati A., Chakir A.;2015;;UV-visible Spectra and Gas-Phase Rate Coefficients for the Reaction of 2,3 pentanedione and 2,4-pentanedione with OH Radicals;Chemical Physics Letters;;;;;;;;dx.doi.org/doi:10.1016/j.cplett.2015.02.032;;;;;;;;;;;;;;;;;;10.1016/j.cplett.2015.02.032;;;;;;;;;
Simoni A., Srinivasan S., Launay J.-M., Jachymski K., Idziaszek Z., Julienne P. S.;2015;;Polar molecule reactive collisions in quasi-1D systems;New Journal of Physics;;17;;;;;;013020.1-15;;;;;;;;;;;;;;;;;;10.1088/1367-2630/17/1/013020;;;;;;;;;
Wakelam V., Loison J.-C., Herbst E., Pavone B., Bergeat A., Béroff K., Chabot M., Faure A., Galli D., Geppert W. D., Gerlich D., Gratier P., Harada N., Hickson K. M., Honvault P., Klippenstein S. J., Le Picard S. D., Nyman G., Ruaud M., Schlemmer S., Sims I. R., Talbi D., Tennyson J., Wester R.;2015;;The 2014 KIDA network for interstellar chemistry;Astrophysical Journal Supplement;;217;2;;;;;id. 20;;;;;;;;;;;;;;;;;;10.1088/0067-0049/217/2/20;;;;1503.01594;;;;;
Wcislo P., Thibault F., Cybulski H., Ciurylo R.;2015;;Strong competition between velocity-changing and phase-/state-changing collisions in H2 spectra perturbed by Ar;Physical Review A;;91;5;;;;;052505;;;;;;;;;;;;;;;;;;10.1103/PhysRevA.91.052505;;;;;;;;;

Tous les articles (sauf vulgarisation)
Auteurs;Année;Année de soutenance;Titre;Titre journal;Année;Volume;Issue;Editeur scientifique;Titre ouvrage;Titre du volume;Editeur revue;Volume, Issue, Pages;ISBN;Titre conférence;Commentaire;Date congrès;Ville;Pays;Patent n°;Date de publication;Type de rapport;N°;Organisme de délivrance;Pages;Date de publication;Directeur de thèse;Université de soutenance;Année de soutenance;Organisme de délivrance;DOI;NNT;Pubmed;Référence;ArXiv;Description;Voir aussi;Réf. HAL;Rang HCERES;Rang CNRS
Abeysekera C., Joalland B., Ariyasingha N., Zack L. N., Sims I. R., Field R. W., Suits A. G.;2015;;Product Branching in the Low Temperature Reaction of CN with Propyne by Chirped-Pulse Microwave Spectroscopy in a Uniform Supersonic Flow;The journal of physical chemistry letters;;6;;;;;;1599-1604;;;;;;;;;;;;;;;;;;10.1021/acs.jpclett.5b00519;;;;;;;;;
Angappan M. P., El Dib G., Lakshmipathi S., Sleiman C., Tomas A., Canosa A., Chakir A.;2015;;An Experimental and Theoretical Study of the Kinetics of the Reaction between 3-Hydroxy-3-Methyl-2-Butanone and OH radicals;RSC Advances;;5;;;;;;26559-26568;;;;;;;;;;;;;;;;;;10.1039/C4RA15664A;;;;;;;;;
Benidar A., Bégué D., Richter F., Pouchan C., Lahcini M., Guillemin J.-C.;2015;;Gas-phase infrared spectra of three compounds of astrochemical interest: vinyl, allenyl, and propargyl isocyanides.;ChemPhysChem;;16;4;;;;;848-54;;;;;;;;;;;;;;;;;;10.1002/cphc.201402712;;25557420;;;;;;;
Casanellas J., Brandão I., Lebreton Y.;2015;;Stellar convective cores as dark matter probes;Physical Review D;;91;10;;;;;103535;;;;;;;;;;;;;;;;;;10.1103/PhysRevD.91.103535;;;;;;;;;
Goubet M., Soulard P., Pirali O., Asselin P., Réal F., Gruet S., Huet T. R., Roy P., Georges R.;2015;;Standard free energy of the equilibrium between the trans-monomer and the cyclic-dimer of acetic acid in the gas phase from infrared spectroscopy;Physical Chemistry Chemical Physics;;17;;;;;;7477-7488;;;;;;;;;;;;;;;;;;10.1039/c4cp05684a;;;;;;;;;
Jiménez E., Ballesteros B., Canosa A., Albaladejo J., Townsend T. M., Maigler F. J., Napal V., Rowe B. R.;2015;;Development of a pulsed uniform supersonic gas expansion system based on an aerodynamic chopper for gas phase reaction kinetic studies at ultra-low temperatures;Review of Scientific Instruments;;86;4;;;;;045108;;;;;;;;;;;;;;;;;;10.1063/1.4918529;;;;;;;;;
Lara M., Jambrina P. G., Launay J.-M., Aoiz F. J.;2015;;Beyond universality: Parametrizing ultracold complex-mediated reactions using statistical assumptions;Physical Review A;;91;3;;;;;030701-1.5 (R);;;;;;;;;;;;;;;;;;10.1103/PhysRevA.91.030701;;;;;;;;;
Lockyear J. F., Fournier M., Sims I. R., Guillemin J.-C., Taatjes C. A., Osborn D. L., Leone S. R.;2015;;Formation of fulvene in the reaction of C2H with 1,3-butadiene;International Journal of Mass Spectrometry;;378;;;;;;232-245;;;;;;;;;;;;;;;;;;10.1016/j.ijms.2014.08.025;;;;;;;;;
Messaadia L., El Dib G., Roth E., Ferhati A., Chakir A.;2015;;UV-visible Spectra and Gas-Phase Rate Coefficients for the Reaction of 2,3 pentanedione and 2,4-pentanedione with OH Radicals;Chemical Physics Letters;;;;;;;;dx.doi.org/doi:10.1016/j.cplett.2015.02.032;;;;;;;;;;;;;;;;;;10.1016/j.cplett.2015.02.032;;;;;;;;;
Simoni A., Srinivasan S., Launay J.-M., Jachymski K., Idziaszek Z., Julienne P. S.;2015;;Polar molecule reactive collisions in quasi-1D systems;New Journal of Physics;;17;;;;;;013020.1-15;;;;;;;;;;;;;;;;;;10.1088/1367-2630/17/1/013020;;;;;;;;;
Wakelam V., Loison J.-C., Herbst E., Pavone B., Bergeat A., Béroff K., Chabot M., Faure A., Galli D., Geppert W. D., Gerlich D., Gratier P., Harada N., Hickson K. M., Honvault P., Klippenstein S. J., Le Picard S. D., Nyman G., Ruaud M., Schlemmer S., Sims I. R., Talbi D., Tennyson J., Wester R.;2015;;The 2014 KIDA network for interstellar chemistry;Astrophysical Journal Supplement;;217;2;;;;;id. 20;;;;;;;;;;;;;;;;;;10.1088/0067-0049/217/2/20;;;;1503.01594;;;;;
Wcislo P., Thibault F., Cybulski H., Ciurylo R.;2015;;Strong competition between velocity-changing and phase-/state-changing collisions in H2 spectra perturbed by Ar;Physical Review A;;91;5;;;;;052505;;;;;;;;;;;;;;;;;;10.1103/PhysRevA.91.052505;;;;;;;;;

Tous les articles (sauf vulgarisation)
Auteurs;Année;Année de soutenance;Titre;Titre journal;Année;Volume;Issue;Editeur scientifique;Titre ouvrage;Titre du volume;Editeur revue;Volume, Issue, Pages;ISBN;Titre conférence;Commentaire;Date congrès;Ville;Pays;Patent n°;Date de publication;Type de rapport;N°;Organisme de délivrance;Pages;Date de publication;Directeur de thèse;Université de soutenance;Année de soutenance;Organisme de délivrance;DOI;NNT;Pubmed;Référence;ArXiv;Description;Voir aussi;Réf. HAL;Rang HCERES;Rang CNRS
Abeysekera C., Joalland B., Ariyasingha N., Zack L. N., Sims I. R., Field R. W., Suits A. G.;2015;;Product Branching in the Low Temperature Reaction of CN with Propyne by Chirped-Pulse Microwave Spectroscopy in a Uniform Supersonic Flow;The journal of physical chemistry letters;;6;;;;;;1599-1604;;;;;;;;;;;;;;;;;;10.1021/acs.jpclett.5b00519;;;;;;;;;
Angappan M. P., El Dib G., Lakshmipathi S., Sleiman C., Tomas A., Canosa A., Chakir A.;2015;;An Experimental and Theoretical Study of the Kinetics of the Reaction between 3-Hydroxy-3-Methyl-2-Butanone and OH radicals;RSC Advances;;5;;;;;;26559-26568;;;;;;;;;;;;;;;;;;10.1039/C4RA15664A;;;;;;;;;
Benidar A., Bégué D., Richter F., Pouchan C., Lahcini M., Guillemin J.-C.;2015;;Gas-phase infrared spectra of three compounds of astrochemical interest: vinyl, allenyl, and propargyl isocyanides.;ChemPhysChem;;16;4;;;;;848-54;;;;;;;;;;;;;;;;;;10.1002/cphc.201402712;;25557420;;;;;;;
Casanellas J., Brandão I., Lebreton Y.;2015;;Stellar convective cores as dark matter probes;Physical Review D;;91;10;;;;;103535;;;;;;;;;;;;;;;;;;10.1103/PhysRevD.91.103535;;;;;;;;;
Goubet M., Soulard P., Pirali O., Asselin P., Réal F., Gruet S., Huet T. R., Roy P., Georges R.;2015;;Standard free energy of the equilibrium between the trans-monomer and the cyclic-dimer of acetic acid in the gas phase from infrared spectroscopy;Physical Chemistry Chemical Physics;;17;;;;;;7477-7488;;;;;;;;;;;;;;;;;;10.1039/c4cp05684a;;;;;;;;;
Jiménez E., Ballesteros B., Canosa A., Albaladejo J., Townsend T. M., Maigler F. J., Napal V., Rowe B. R.;2015;;Development of a pulsed uniform supersonic gas expansion system based on an aerodynamic chopper for gas phase reaction kinetic studies at ultra-low temperatures;Review of Scientific Instruments;;86;4;;;;;045108;;;;;;;;;;;;;;;;;;10.1063/1.4918529;;;;;;;;;
Lara M., Jambrina P. G., Launay J.-M., Aoiz F. J.;2015;;Beyond universality: Parametrizing ultracold complex-mediated reactions using statistical assumptions;Physical Review A;;91;3;;;;;030701-1.5 (R);;;;;;;;;;;;;;;;;;10.1103/PhysRevA.91.030701;;;;;;;;;
Lockyear J. F., Fournier M., Sims I. R., Guillemin J.-C., Taatjes C. A., Osborn D. L., Leone S. R.;2015;;Formation of fulvene in the reaction of C2H with 1,3-butadiene;International Journal of Mass Spectrometry;;378;;;;;;232-245;;;;;;;;;;;;;;;;;;10.1016/j.ijms.2014.08.025;;;;;;;;;
Messaadia L., El Dib G., Roth E., Ferhati A., Chakir A.;2015;;UV-visible Spectra and Gas-Phase Rate Coefficients for the Reaction of 2,3 pentanedione and 2,4-pentanedione with OH Radicals;Chemical Physics Letters;;;;;;;;dx.doi.org/doi:10.1016/j.cplett.2015.02.032;;;;;;;;;;;;;;;;;;10.1016/j.cplett.2015.02.032;;;;;;;;;
Simoni A., Srinivasan S., Launay J.-M., Jachymski K., Idziaszek Z., Julienne P. S.;2015;;Polar molecule reactive collisions in quasi-1D systems;New Journal of Physics;;17;;;;;;013020.1-15;;;;;;;;;;;;;;;;;;10.1088/1367-2630/17/1/013020;;;;;;;;;
Wakelam V., Loison J.-C., Herbst E., Pavone B., Bergeat A., Béroff K., Chabot M., Faure A., Galli D., Geppert W. D., Gerlich D., Gratier P., Harada N., Hickson K. M., Honvault P., Klippenstein S. J., Le Picard S. D., Nyman G., Ruaud M., Schlemmer S., Sims I. R., Talbi D., Tennyson J., Wester R.;2015;;The 2014 KIDA network for interstellar chemistry;Astrophysical Journal Supplement;;217;2;;;;;id. 20;;;;;;;;;;;;;;;;;;10.1088/0067-0049/217/2/20;;;;1503.01594;;;;;
Wcislo P., Thibault F., Cybulski H., Ciurylo R.;2015;;Strong competition between velocity-changing and phase-/state-changing collisions in H2 spectra perturbed by Ar;Physical Review A;;91;5;;;;;052505;;;;;;;;;;;;;;;;;;10.1103/PhysRevA.91.052505;;;;;;;;;

Tous les articles (sauf vulgarisation)
Tous les articles (sauf vulgarisation)
Tous les articles (sauf vulgarisation)
Tous les articles (sauf vulgarisation)
Tous les articles (sauf vulgarisation)
Tous les articles (sauf vulgarisation)
Tous les articles (sauf vulgarisation)
Tous les articles (sauf vulgarisation)
Tous les articles (sauf vulgarisation)
Tous les articles (sauf vulgarisation)
Tous les articles (sauf vulgarisation)
Tous les articles (sauf vulgarisation)
Tous les articles (sauf vulgarisation)
Tous les articles (sauf vulgarisation)
Tous les articles (sauf vulgarisation)
Tous les articles (sauf vulgarisation)
Tous les articles (sauf vulgarisation)
Tous les articles (sauf vulgarisation)
Tous les articles (sauf vulgarisation)
Tous les articles (sauf vulgarisation)
Tous les articles (sauf vulgarisation)
Tous les articles (sauf vulgarisation)
Tous les articles (sauf vulgarisation)
Tous les articles (sauf vulgarisation)
Tous les articles (sauf vulgarisation)
Tous les articles (sauf vulgarisation)
Tous les articles (sauf vulgarisation)
Tous les articles (sauf vulgarisation)
Tous les articles (sauf vulgarisation)
Tous les articles (sauf vulgarisation)
Tous les articles (sauf vulgarisation)
Tous les articles (sauf vulgarisation)
Tous les articles (sauf vulgarisation)
Tous les articles (sauf vulgarisation)
Tous les articles (sauf vulgarisation)
Tous les articles (sauf vulgarisation)
Tous les articles (sauf vulgarisation)
Tous les articles (sauf vulgarisation)
Tous les articles (sauf vulgarisation)
Tous les articles (sauf vulgarisation)
Tous les articles (sauf vulgarisation)
Tous les articles (sauf vulgarisation)
Tous les articles (sauf vulgarisation)
Tous les articles (sauf vulgarisation)
Tous les articles (sauf vulgarisation)
Tous les articles (sauf vulgarisation)
Tous les articles (sauf vulgarisation)
Tous les articles (sauf vulgarisation)
Tous les articles (sauf vulgarisation)
Articles de revues sans comité de lecture
Articles de revues sans comité de lecture
Articles de revues sans comité de lecture
Articles de revues sans comité de lecture
Tous les articles (sauf vulgarisation)
Tous les articles (sauf vulgarisation)
Tous les articles (sauf vulgarisation)
Tous les articles (sauf vulgarisation)
Tous les articles (sauf vulgarisation)
Tous les articles (sauf vulgarisation)
Articles de vulgarisation
Articles de vulgarisation
Tous les articles (sauf vulgarisation)
Tous les articles (sauf vulgarisation)
Tous les articles (sauf vulgarisation)
Tous les articles (sauf vulgarisation)
Tous les articles (sauf vulgarisation)
Tous les articles (sauf vulgarisation)
Tous les articles (sauf vulgarisation)
Tous les articles (sauf vulgarisation)
Toutes les communications (sauf grand public)
Tous les ouvrages (sauf vulgarisation)
Brevets
Rapports
Thèses
HDR
Preprints, working papers, manuscrits non publiés
Autres publications
Tous les articles (sauf vulgarisation)
Toutes les communications (sauf grand public)
Tous les ouvrages (sauf vulgarisation)
Brevets
Rapports
Thèses
HDR
Preprints, working papers, manuscrits non publiés
Autres publications
Tous les articles (sauf vulgarisation)
Toutes les communications (sauf grand public)
Tous les ouvrages (sauf vulgarisation)
Brevets
Rapports
Thèses
HDR
Preprints, working papers, manuscrits non publiés
Autres publications
Tous les articles (sauf vulgarisation)
Toutes les communications (sauf grand public)
Tous les ouvrages (sauf vulgarisation)
Brevets
Rapports
Thèses
HDR
Preprints, working papers, manuscrits non publiés
Autres publications
Tous les articles (sauf vulgarisation)
Toutes les communications (sauf grand public)
Tous les ouvrages (sauf vulgarisation)
Brevets
Rapports
Thèses
HDR
Preprints, working papers, manuscrits non publiés
Autres publications
Tous les articles (sauf vulgarisation)
Toutes les communications (sauf grand public)
Tous les ouvrages (sauf vulgarisation)
Brevets
Rapports
Thèses
HDR
Preprints, working papers, manuscrits non publiés
Autres publications
Tous les articles (sauf vulgarisation)
Toutes les communications (sauf grand public)
Tous les ouvrages (sauf vulgarisation)
Brevets
Rapports
Thèses
HDR
Preprints, working papers, manuscrits non publiés
Autres publications
Tous les articles (sauf vulgarisation)
Tous les articles (sauf vulgarisation)
Tous les articles (sauf vulgarisation)
Tous les articles (sauf vulgarisation)
Tous les articles (sauf vulgarisation)
Tous les articles (sauf vulgarisation)
Tous les articles (sauf vulgarisation)
Tous les articles (sauf vulgarisation)
Tous les articles (sauf vulgarisation)
Tous les articles (sauf vulgarisation)
Tous les articles (sauf vulgarisation)
Tous les articles (sauf vulgarisation)
Tous les articles (sauf vulgarisation)
Tous les articles (sauf vulgarisation)
Tous les articles (sauf vulgarisation)
Tous les articles (sauf vulgarisation)
Tous les articles (sauf vulgarisation)
Tous les articles (sauf vulgarisation)
Tous les articles (sauf vulgarisation)
Tous les articles (sauf vulgarisation)
Tous les articles (sauf vulgarisation)
Tous les articles (sauf vulgarisation)
Toutes les communications (sauf grand public)
Communications invitées avec ou sans actes, nationales ou internationales
Communications invitées avec ou sans actes, nationales ou internationales
Communications invitées avec ou sans actes, nationales ou internationales
Communications invitées avec ou sans actes, nationales ou internationales
Communications invitées avec ou sans actes, nationales ou internationales
Tous les articles (sauf vulgarisation)
Tous les articles (sauf vulgarisation)
Tous les articles (sauf vulgarisation)
Tous les articles (sauf vulgarisation)
Tous les articles (sauf vulgarisation)
Tous les articles (sauf vulgarisation)
Tous les articles (sauf vulgarisation)
Tous les articles (sauf vulgarisation)
Tous les articles (sauf vulgarisation)
Articles de revues internationales à comité de lecture
Articles de revues nationales à comité de lecture
Toutes les communications (sauf grand public)
Ouvrages ou chapitres d’ouvrages
Brevets
Rapports
Thèses
HDR
Preprints, working papers, manuscrits non publiés
Autres publications
Articles de revues internationales à comité de lecture
Articles de revues nationales à comité de lecture
Toutes les communications (sauf grand public)
Ouvrages ou chapitres d’ouvrages
Brevets
Rapports
Thèses
HDR
Preprints, working papers, manuscrits non publiés
Autres publications
Articles de revues internationales à comité de lecture
Articles de revues nationales à comité de lecture
Toutes les communications (sauf grand public)
Ouvrages ou chapitres d’ouvrages
Brevets
Rapports
Thèses
HDR
Preprints, working papers, manuscrits non publiés
Autres publications
Articles de revues internationales à comité de lecture
Articles de revues nationales à comité de lecture
Toutes les communications (sauf grand public)
Ouvrages ou chapitres d’ouvrages
Brevets
Rapports
Thèses
HDR
Preprints, working papers, manuscrits non publiés
Autres publications
Articles de revues internationales à comité de lecture
Articles de revues nationales à comité de lecture
Toutes les communications (sauf grand public)
Ouvrages ou chapitres d’ouvrages
Brevets
Rapports
Thèses
HDR
Preprints, working papers, manuscrits non publiés
Autres publications
Articles de revues internationales à comité de lecture
Articles de revues nationales à comité de lecture
Toutes les communications (sauf grand public)
Ouvrages ou chapitres d’ouvrages
Brevets
Rapports
Thèses
HDR
Preprints, working papers, manuscrits non publiés
Autres publications
Articles de revues internationales à comité de lecture
Articles de revues nationales à comité de lecture
Toutes les communications (sauf grand public)
Ouvrages ou chapitres d’ouvrages
Brevets
Rapports
Thèses
HDR
Preprints, working papers, manuscrits non publiés
Autres publications
Tous les articles (sauf vulgarisation)
Tous les articles (sauf vulgarisation)
Tous les articles (sauf vulgarisation)
Tous les articles (sauf vulgarisation)
Tous les articles (sauf vulgarisation)
Tous les articles (sauf vulgarisation)
Tous les articles (sauf vulgarisation)
Tous les articles (sauf vulgarisation)
